plant_id,date,height_cm,leaf_count,fruit_count,avg_temperature_c,avg_humidity_pct,avg_soil_moisture_pct
1,2026-06-28 18:42:18.091398,1.0,7,0,27.69,76.34,60.98
1,2026-06-29 18:42:18.091398,1.05,4,0,27.38,71.18,69.18
1,2026-06-30 18:42:18.091398,1.16,6,0,26.39,76.36,60.26
1,2026-07-01 18:42:18.091398,1.26,7,0,28.68,76.89,66.79
1,2026-07-02 18:42:18.091398,1.35,6,0,29.17,80.24,68.84
1,2026-07-03 18:42:18.091398,1.48,9,1,28.37,67.66,60.39
1,2026-07-04 18:42:18.091398,1.6,8,1,28.68,69.66,68.04
1,2026-07-05 18:42:18.091398,1.74,11,0,29.38,73.71,63.57
1,2026-07-06 18:42:18.091398,1.88,10,0,28.26,64.12,57.91
1,2026-07-07 18:42:18.091398,2.04,12,0,29.25,63.23,61.33
1,2026-07-08 18:42:18.091398,2.19,14,1,28.89,67.34,60.11
1,2026-07-09 18:42:18.091398,2.36,14,0,27.95,68.22,58.84
1,2026-07-10 18:42:18.091398,2.53,13,0,27.06,63.0,59.01
1,2026-07-11 18:42:18.091398,2.75,14,0,27.63,66.96,60.72
1,2026-07-12 18:42:18.091398,2.97,18,1,26.72,66.48,62.17
1,2026-07-13 18:42:18.091398,3.2,18,1,27.8,71.85,55.58
1,2026-07-14 18:42:18.091398,3.43,18,0,26.7,68.73,59.95
1,2026-07-15 18:42:18.091398,3.7,21,0,26.81,73.26,52.39
1,2026-07-16 18:42:18.091398,3.99,22,0,25.93,69.11,61.3
1,2026-07-17 18:42:18.091398,4.3,24,0,25.72,72.61,63.12
1,2026-07-18 18:42:18.091398,4.67,25,0,24.64,73.92,60.82
1,2026-07-19 18:42:18.091398,5.06,26,1,25.63,78.25,61.43
1,2026-07-20 18:42:18.091398,5.38,27,0,26.44,76.73,62.95
1,2026-07-21 18:42:18.091398,5.74,30,0,24.76,72.4,56.67
1,2026-07-22 18:42:18.091398,6.18,30,1,24.62,75.92,58.8
1,2026-07-23 18:42:18.091398,6.65,34,0,25.14,75.01,62.55
1,2026-07-24 18:42:18.091398,7.16,36,0,25.13,70.93,65.01
1,2026-07-25 18:42:18.091398,7.71,35,0,25.26,68.94,61.97
1,2026-07-26 18:42:18.091398,8.34,36,1,26.3,67.6,72.76
1,2026-07-27 18:42:18.091398,8.92,41,0,26.35,61.75,59.54
1,2026-07-28 18:42:18.091398,9.57,45,1,28.15,66.36,65.0
1,2026-07-29 18:42:18.091398,10.31,43,1,27.42,65.87,66.33
1,2026-07-30 18:42:18.091398,11.06,44,1,28.07,62.41,59.33
1,2026-07-31 18:42:18.091398,11.85,48,1,28.94,67.57,55.9
1,2026-08-01 18:42:18.091398,12.66,48,1,28.25,62.01,54.09
1,2026-08-02 18:42:18.091398,13.48,50,2,29.88,65.64,60.81
1,2026-08-03 18:42:18.091398,14.4,52,1,28.4,67.31,65.55
1,2026-08-04 18:42:18.091398,15.35,55,2,28.34,76.25,61.36
1,2026-08-05 18:42:18.091398,16.33,55,2,28.7,67.02,60.86
1,2026-08-06 18:42:18.091398,17.36,57,2,28.81,74.85,58.1
1,2026-08-07 18:42:18.091398,18.45,58,2,27.61,77.03,62.81
1,2026-08-08 18:42:18.091398,19.57,59,3,28.46,75.97,49.32
1,2026-08-09 18:42:18.091398,20.75,61,2,26.84,78.54,61.16
1,2026-08-10 18:42:18.091398,21.98,62,3,28.93,71.65,60.14
1,2026-08-11 18:42:18.091398,23.25,64,3,27.35,67.03,53.15
1,2026-08-12 18:42:18.091398,24.55,64,4,26.49,75.0,70.88
1,2026-08-13 18:42:18.091398,25.91,65,4,25.86,67.68,53.06
1,2026-08-14 18:42:18.091398,27.31,69,3,25.88,68.73,54.61
1,2026-08-15 18:42:18.091398,28.73,68,5,25.65,64.65,54.0
1,2026-08-16 18:42:18.091398,30.14,69,5,24.68,69.99,65.55
1,2026-08-17 18:42:18.091398,31.62,70,5,24.53,68.39,55.56
1,2026-08-18 18:42:18.091398,33.08,70,6,24.95,63.0,63.34
1,2026-08-19 18:42:18.091398,34.6,71,6,24.59,67.72,62.94
1,2026-08-20 18:42:18.091398,36.07,73,7,25.76,65.71,61.3
1,2026-08-21 18:42:18.091398,37.6,73,8,26.01,65.71,53.46
1,2026-08-22 18:42:18.091398,39.11,72,8,25.28,67.47,56.94
1,2026-08-23 18:42:18.091398,40.58,75,9,25.89,68.12,68.37
1,2026-08-24 18:42:18.091398,42.06,74,9,24.76,72.13,53.55
1,2026-08-25 18:42:18.091398,43.54,74,11,26.7,72.75,55.84
1,2026-08-26 18:42:18.091398,45.01,74,11,26.56,72.12,59.19
1,2026-08-27 18:42:18.091398,46.42,75,11,27.39,77.23,64.04
1,2026-08-28 18:42:18.091398,47.8,78,13,28.7,73.0,61.26
1,2026-08-29 18:42:18.091398,49.18,75,13,25.99,75.85,63.71
1,2026-08-30 18:42:18.091398,50.52,77,15,28.38,75.93,54.66
1,2026-08-31 18:42:18.091398,51.83,75,15,27.61,78.31,64.72
1,2026-09-01 18:42:18.091398,53.12,77,16,29.21,71.19,62.85
1,2026-09-02 18:42:18.091398,54.31,78,17,27.85,76.5,52.03
1,2026-09-03 18:42:18.091398,55.5,78,18,28.59,70.24,67.7
1,2026-09-04 18:42:18.091398,56.67,77,19,29.15,67.6,71.46
1,2026-09-05 18:42:18.091398,57.76,78,20,29.39,64.82,56.16
1,2026-09-06 18:42:18.091398,58.79,79,20,28.79,67.55,60.28
1,2026-09-07 18:42:18.091398,59.81,79,22,27.85,65.31,66.99
1,2026-09-08 18:42:18.091398,60.78,81,23,27.73,61.7,52.59
1,2026-09-09 18:42:18.091398,61.71,79,23,28.52,61.96,50.05
1,2026-09-10 18:42:18.091398,62.57,78,24,27.41,64.46,53.52
1,2026-09-11 18:42:18.091398,63.35,79,25,25.65,65.27,57.16
1,2026-09-12 18:42:18.091398,64.13,79,25,27.26,72.0,57.11
1,2026-09-13 18:42:18.091398,64.85,79,26,26.52,74.41,63.04
1,2026-09-14 18:42:18.091398,65.56,79,27,26.52,74.42,61.34
1,2026-09-15 18:42:18.091398,66.22,80,27,25.24,74.24,53.77
1,2026-09-16 18:42:18.091398,66.79,78,28,25.93,72.92,62.84
1,2026-09-17 18:42:18.091398,67.34,80,29,24.25,75.0,69.37
1,2026-09-18 18:42:18.091398,67.9,79,30,25.47,77.65,65.99
1,2026-09-19 18:42:18.091398,68.43,79,30,24.62,81.05,64.96
1,2026-09-20 18:42:18.091398,68.89,80,30,25.64,76.61,60.1
1,2026-09-21 18:42:18.091398,69.33,81,31,26.07,71.86,64.92
1,2026-09-22 18:42:18.091398,69.76,80,30,24.92,71.38,55.17
1,2026-09-23 18:42:18.091398,70.16,80,33,25.78,68.26,63.76
1,2026-09-24 18:42:18.091398,70.54,79,32,26.22,65.84,59.56
1,2026-09-25 18:42:18.091398,70.89,83,32,27.54,66.28,65.65
2,2026-06-28 18:42:18.098837,2.46,6,0,27.58,70.28,53.67
2,2026-06-29 18:42:18.098837,2.59,7,0,26.86,77.61,55.47
2,2026-06-30 18:42:18.098837,2.85,7,0,28.97,69.02,63.59
2,2026-07-01 18:42:18.098837,3.11,7,0,28.62,68.18,59.03
2,2026-07-02 18:42:18.098837,3.34,8,0,27.4,73.51,57.31
2,2026-07-03 18:42:18.098837,3.63,9,0,29.34,72.72,63.06
2,2026-07-04 18:42:18.098837,3.92,9,0,29.55,72.6,61.4
2,2026-07-05 18:42:18.098837,4.21,11,0,26.84,64.77,58.88
2,2026-07-06 18:42:18.098837,4.56,12,0,28.39,68.0,61.92
2,2026-07-07 18:42:18.098837,4.9,14,1,28.52,67.21,55.86
2,2026-07-08 18:42:18.098837,5.27,15,0,27.19,69.56,63.14
2,2026-07-09 18:42:18.098837,5.65,18,0,27.63,64.85,62.33
2,2026-07-10 18:42:18.098837,6.09,17,1,27.42,66.6,57.94
2,2026-07-11 18:42:18.098837,6.55,17,0,28.22,62.41,53.9
2,2026-07-12 18:42:18.098837,7.05,21,0,27.66,65.57,67.6
2,2026-07-13 18:42:18.098837,7.55,19,0,29.1,65.96,60.47
2,2026-07-14 18:42:18.098837,8.11,23,1,26.27,70.84,75.26
2,2026-07-15 18:42:18.098837,8.68,23,0,27.11,67.32,56.73
2,2026-07-16 18:42:18.098837,9.32,26,1,25.89,69.31,64.26
2,2026-07-17 18:42:18.098837,9.99,25,0,25.73,74.89,57.83
2,2026-07-18 18:42:18.098837,10.7,30,0,24.34,79.58,61.27
2,2026-07-19 18:42:18.098837,11.45,31,0,23.57,75.98,64.17
2,2026-07-20 18:42:18.098837,12.2,32,0,24.4,75.9,56.0
2,2026-07-21 18:42:18.098837,13.04,37,1,25.62,73.62,59.5
2,2026-07-22 18:42:18.098837,13.96,38,0,26.36,77.13,60.8
2,2026-07-23 18:42:18.098837,14.82,39,0,25.75,74.32,60.57
2,2026-07-24 18:42:18.098837,15.72,41,0,25.91,76.47,62.98
2,2026-07-25 18:42:18.098837,16.67,44,1,25.15,70.7,65.13
2,2026-07-26 18:42:18.098837,17.72,46,1,27.41,65.34,64.17
2,2026-07-27 18:42:18.098837,18.79,49,1,27.66,65.12,61.32
2,2026-07-28 18:42:18.098837,19.93,51,0,26.58,62.83,58.26
2,2026-07-29 18:42:18.098837,21.09,52,1,27.38,61.41,54.35
2,2026-07-30 18:42:18.098837,22.28,55,1,27.02,68.8,56.32
2,2026-07-31 18:42:18.098837,23.49,57,0,29.35,67.76,57.36
2,2026-08-01 18:42:18.098837,24.73,58,2,28.81,62.41,63.41
2,2026-08-02 18:42:18.098837,26.02,61,1,28.66,72.64,58.18
2,2026-08-03 18:42:18.098837,27.29,64,1,29.23,69.46,53.79
2,2026-08-04 18:42:18.098837,28.59,67,0,29.34,67.42,63.13
2,2026-08-05 18:42:18.098837,29.93,70,2,28.66,72.97,55.98
2,2026-08-06 18:42:18.098837,31.32,70,2,27.91,72.96,56.17
2,2026-08-07 18:42:18.098837,32.65,73,1,27.71,71.89,58.87
2,2026-08-08 18:42:18.098837,33.98,74,1,27.1,69.01,62.37
2,2026-08-09 18:42:18.098837,35.32,78,3,28.54,75.1,47.93
2,2026-08-10 18:42:18.098837,36.7,78,2,29.59,75.53,54.39
2,2026-08-11 18:42:18.098837,38.04,80,2,26.06,66.13,60.88
2,2026-08-12 18:42:18.098837,39.4,80,4,27.11,74.37,58.18
2,2026-08-13 18:42:18.098837,40.67,82,4,26.91,73.12,55.68
2,2026-08-14 18:42:18.098837,41.99,84,4,25.4,68.3,57.29
2,2026-08-15 18:42:18.098837,43.28,85,3,25.99,68.52,66.93
2,2026-08-16 18:42:18.098837,44.49,87,4,24.64,65.99,57.72
2,2026-08-17 18:42:18.098837,45.7,87,3,26.23,63.28,63.56
2,2026-08-18 18:42:18.098837,46.91,90,5,24.62,64.08,63.96
2,2026-08-19 18:42:18.098837,48.05,89,5,25.09,69.06,57.75
2,2026-08-20 18:42:18.098837,49.18,93,5,25.56,60.99,62.22
2,2026-08-21 18:42:18.098837,50.31,92,5,24.75,66.84,57.75
2,2026-08-22 18:42:18.098837,51.34,94,7,23.83,67.85,56.95
2,2026-08-23 18:42:18.098837,52.32,93,7,25.09,66.61,54.37
2,2026-08-24 18:42:18.098837,53.24,95,8,26.43,68.97,64.37
2,2026-08-25 18:42:18.098837,54.16,94,9,26.12,67.61,58.01
2,2026-08-26 18:42:18.098837,55.02,96,9,26.77,70.61,57.24
2,2026-08-27 18:42:18.098837,55.83,97,9,26.14,74.25,54.36
2,2026-08-28 18:42:18.098837,56.61,97,9,27.53,75.82,69.04
2,2026-08-29 18:42:18.098837,57.36,98,11,28.4,72.3,63.71
2,2026-08-30 18:42:18.098837,58.03,99,12,28.2,83.83,59.34
2,2026-08-31 18:42:18.098837,58.65,99,13,30.01,72.16,56.53
2,2026-09-01 18:42:18.098837,59.21,99,14,28.57,73.08,52.35
2,2026-09-02 18:42:18.098837,59.83,98,14,28.07,70.58,61.46
2,2026-09-03 18:42:18.098837,60.38,99,15,27.69,68.51,61.44
2,2026-09-04 18:42:18.098837,60.94,100,16,29.91,72.09,52.96
2,2026-09-05 18:42:18.098837,61.43,98,16,28.85,65.4,65.81
2,2026-09-06 18:42:18.098837,61.86,101,19,29.54,69.8,63.88
2,2026-09-07 18:42:18.098837,62.3,101,19,28.85,68.59,55.19
2,2026-09-08 18:42:18.098837,62.7,101,19,29.48,61.87,57.22
2,2026-09-09 18:42:18.098837,63.04,102,20,28.83,68.45,57.86
2,2026-09-10 18:42:18.098837,63.37,102,21,27.11,64.18,60.8
2,2026-09-11 18:42:18.098837,63.74,102,21,27.22,75.51,59.27
2,2026-09-12 18:42:18.098837,64.05,101,23,27.45,67.57,51.81
2,2026-09-13 18:42:18.098837,64.34,102,23,25.2,67.46,67.37
2,2026-09-14 18:42:18.098837,64.6,102,24,26.99,66.08,61.58
2,2026-09-15 18:42:18.098837,64.83,101,24,26.48,69.29,66.3
2,2026-09-16 18:42:18.098837,65.08,103,25,26.05,72.47,66.27
2,2026-09-17 18:42:18.098837,65.29,103,26,24.94,71.84,58.96
2,2026-09-18 18:42:18.098837,65.46,100,26,25.25,71.31,61.71
2,2026-09-19 18:42:18.098837,65.64,103,27,24.12,72.57,63.68
2,2026-09-20 18:42:18.098837,65.79,101,28,25.14,73.25,63.85
2,2026-09-21 18:42:18.098837,65.95,104,28,24.8,77.05,59.18
2,2026-09-22 18:42:18.098837,66.12,103,29,25.58,66.16,56.91
2,2026-09-23 18:42:18.098837,66.24,102,30,25.43,68.06,60.18
2,2026-09-24 18:42:18.098837,66.4,102,30,26.41,65.32,55.99
2,2026-09-25 18:42:18.098837,66.5,103,30,27.53,62.29,57.22
3,2026-06-28 18:42:18.100257,2.51,4,0,27.57,78.82,64.96
3,2026-06-29 18:42:18.100257,2.7,4,0,28.94,72.79,66.44
3,2026-06-30 18:42:18.100257,2.9,6,0,27.65,72.89,59.83
3,2026-07-01 18:42:18.100257,3.12,8,1,28.1,71.0,59.22
3,2026-07-02 18:42:18.100257,3.32,8,0,28.38,75.61,64.26
3,2026-07-03 18:42:18.100257,3.58,8,1,29.71,73.24,58.03
3,2026-07-04 18:42:18.100257,3.85,8,0,27.43,67.71,64.15
3,2026-07-05 18:42:18.100257,4.24,10,0,29.28,71.71,63.62
3,2026-07-06 18:42:18.100257,4.57,10,0,29.94,68.96,56.51
3,2026-07-07 18:42:18.100257,4.91,12,0,28.25,69.1,59.58
3,2026-07-08 18:42:18.100257,5.28,11,0,29.92,63.87,59.4
3,2026-07-09 18:42:18.100257,5.67,13,1,28.91,70.38,68.67
3,2026-07-10 18:42:18.100257,6.07,14,0,27.74,66.24,72.94
3,2026-07-11 18:42:18.100257,6.51,16,0,27.98,64.99,59.5
3,2026-07-12 18:42:18.100257,7.01,17,1,26.19,64.57,60.07
3,2026-07-13 18:42:18.100257,7.53,21,0,26.55,66.56,48.59
3,2026-07-14 18:42:18.100257,8.1,21,0,28.05,71.31,61.06
3,2026-07-15 18:42:18.100257,8.68,22,0,25.47,69.48,59.96
3,2026-07-16 18:42:18.100257,9.3,20,0,27.3,75.05,54.64
3,2026-07-17 18:42:18.100257,9.99,24,1,25.45,74.91,63.93
3,2026-07-18 18:42:18.100257,10.7,25,0,26.06,78.25,52.17
3,2026-07-19 18:42:18.100257,11.41,28,1,25.13,77.28,58.93
3,2026-07-20 18:42:18.100257,12.17,27,0,23.22,74.8,60.69
3,2026-07-21 18:42:18.100257,12.99,33,1,24.55,68.93,53.76
3,2026-07-22 18:42:18.100257,13.88,35,0,25.25,74.77,64.28
3,2026-07-23 18:42:18.100257,14.76,34,0,24.35,75.07,65.28
3,2026-07-24 18:42:18.100257,15.67,37,1,24.44,71.76,53.07
3,2026-07-25 18:42:18.100257,16.65,39,0,26.12,71.38,52.96
3,2026-07-26 18:42:18.100257,17.62,43,0,25.67,66.77,63.01
3,2026-07-27 18:42:18.100257,18.65,46,1,25.23,65.69,59.85
3,2026-07-28 18:42:18.100257,19.73,49,1,26.45,62.97,53.94
3,2026-07-29 18:42:18.100257,20.84,50,1,28.1,69.25,58.52
3,2026-07-30 18:42:18.100257,21.97,53,0,27.43,65.48,59.46
3,2026-07-31 18:42:18.100257,23.14,55,1,28.92,63.86,59.28
3,2026-08-01 18:42:18.100257,24.24,59,0,29.71,62.14,64.14
3,2026-08-02 18:42:18.100257,25.47,61,1,28.76,66.84,61.92
3,2026-08-03 18:42:18.100257,26.66,64,1,28.0,73.06,68.85
3,2026-08-04 18:42:18.100257,27.85,64,2,27.95,71.67,66.87
3,2026-08-05 18:42:18.100257,29.09,67,2,28.97,69.64,63.39
3,2026-08-06 18:42:18.100257,30.36,69,1,29.61,77.46,65.39
3,2026-08-07 18:42:18.100257,31.6,73,2,28.95,78.49,66.62
3,2026-08-08 18:42:18.100257,32.82,75,2,28.92,77.78,63.53
3,2026-08-09 18:42:18.100257,34.07,76,2,27.82,77.36,53.87
3,2026-08-10 18:42:18.100257,35.3,78,3,28.05,78.13,64.3
3,2026-08-11 18:42:18.100257,36.56,81,2,27.04,75.5,60.36
3,2026-08-12 18:42:18.100257,37.79,82,2,26.74,75.03,68.09
3,2026-08-13 18:42:18.100257,38.98,83,3,25.55,68.93,60.47
3,2026-08-14 18:42:18.100257,40.17,87,3,24.93,74.21,62.63
3,2026-08-15 18:42:18.100257,41.3,90,4,25.44,68.88,61.65
3,2026-08-16 18:42:18.100257,42.39,89,4,24.63,72.91,68.41
3,2026-08-17 18:42:18.100257,43.48,91,5,24.5,59.67,60.89
3,2026-08-18 18:42:18.100257,44.54,91,5,25.63,67.28,58.65
3,2026-08-19 18:42:18.100257,45.55,93,5,24.93,67.95,61.55
3,2026-08-20 18:42:18.100257,46.5,96,6,27.34,64.31,57.8
3,2026-08-21 18:42:18.100257,47.45,97,6,25.84,67.49,60.81
3,2026-08-22 18:42:18.100257,48.28,98,7,24.76,69.54,59.96
3,2026-08-23 18:42:18.100257,49.16,99,8,26.14,70.46,61.36
3,2026-08-24 18:42:18.100257,50.0,100,8,26.11,68.67,69.62
3,2026-08-25 18:42:18.100257,50.74,101,8,25.64,71.39,57.97
3,2026-08-26 18:42:18.100257,51.49,100,9,27.47,76.22,60.18
3,2026-08-27 18:42:18.100257,52.17,102,10,26.38,78.04,59.0
3,2026-08-28 18:42:18.100257,52.86,103,12,24.97,75.13,63.36
3,2026-08-29 18:42:18.100257,53.45,103,11,28.45,75.22,54.09
3,2026-08-30 18:42:18.100257,54.02,104,12,27.68,75.26,56.54
3,2026-08-31 18:42:18.100257,54.61,104,13,29.68,76.98,59.8
3,2026-09-01 18:42:18.100257,55.17,105,14,28.21,69.54,62.73
3,2026-09-02 18:42:18.100257,55.62,107,16,27.96,67.28,59.77
3,2026-09-03 18:42:18.100257,56.08,106,15,30.23,70.09,57.5
3,2026-09-04 18:42:18.100257,56.53,107,17,28.13,64.86,55.67
3,2026-09-05 18:42:18.100257,56.93,108,17,29.06,65.07,62.56
3,2026-09-06 18:42:18.100257,57.35,108,19,29.89,66.05,67.21
3,2026-09-07 18:42:18.100257,57.69,109,18,28.58,66.61,61.61
3,2026-09-08 18:42:18.100257,58.03,106,21,28.11,61.79,60.94
3,2026-09-09 18:42:18.100257,58.32,109,21,27.9,67.75,62.22
3,2026-09-10 18:42:18.100257,58.65,108,22,28.09,60.81,55.29
3,2026-09-11 18:42:18.100257,58.93,109,22,26.35,68.93,58.44
3,2026-09-12 18:42:18.100257,59.18,110,23,27.07,64.0,58.66
3,2026-09-13 18:42:18.100257,59.37,110,24,26.65,66.46,61.48
3,2026-09-14 18:42:18.100257,59.63,110,25,27.69,73.74,59.84
3,2026-09-15 18:42:18.100257,59.86,110,26,25.24,71.95,53.92
3,2026-09-16 18:42:18.100257,60.07,111,26,24.54,71.82,65.63
3,2026-09-17 18:42:18.100257,60.28,110,27,25.69,73.5,68.46
3,2026-09-18 18:42:18.100257,60.45,110,27,24.69,76.39,58.68
3,2026-09-19 18:42:18.100257,60.59,111,28,25.24,74.5,61.99
3,2026-09-20 18:42:18.100257,60.71,110,28,25.2,73.78,61.34
3,2026-09-21 18:42:18.100257,60.82,112,29,26.2,75.87,63.92
3,2026-09-22 18:42:18.100257,60.98,111,29,24.99,69.12,52.6
3,2026-09-23 18:42:18.100257,61.06,113,30,25.75,68.3,68.07
3,2026-09-24 18:42:18.100257,61.15,111,30,24.14,66.62,57.66
3,2026-09-25 18:42:18.100257,61.24,110,30,25.87,70.34,66.32
4,2026-06-28 18:42:18.101440,2.35,6,1,28.25,81.44,60.92
4,2026-06-29 18:42:18.101440,2.55,6,0,26.72,74.25,52.87
4,2026-06-30 18:42:18.101440,2.71,6,0,28.58,73.94,64.39
4,2026-07-01 18:42:18.101440,2.93,8,0,27.45,77.36,55.08
4,2026-07-02 18:42:18.101440,3.15,7,0,28.8,64.42,62.61
4,2026-07-03 18:42:18.101440,3.4,8,0,29.06,72.6,64.64
4,2026-07-04 18:42:18.101440,3.63,8,0,30.33,71.3,53.1
4,2026-07-05 18:42:18.101440,3.93,9,0,28.48,66.78,64.6
4,2026-07-06 18:42:18.101440,4.25,11,0,29.16,69.54,70.22
4,2026-07-07 18:42:18.101440,4.63,11,0,29.78,60.73,57.14
4,2026-07-08 18:42:18.101440,5.0,12,1,27.84,65.77,62.33
4,2026-07-09 18:42:18.101440,5.4,13,1,28.52,67.75,58.83
4,2026-07-10 18:42:18.101440,5.78,13,1,27.52,58.24,59.93
4,2026-07-11 18:42:18.101440,6.29,15,0,27.29,60.87,58.63
4,2026-07-12 18:42:18.101440,6.72,14,0,28.0,65.49,57.1
4,2026-07-13 18:42:18.101440,7.26,18,1,27.6,67.04,63.28
4,2026-07-14 18:42:18.101440,7.8,18,1,28.69,66.54,64.1
4,2026-07-15 18:42:18.101440,8.36,20,0,27.33,71.09,59.72
4,2026-07-16 18:42:18.101440,8.97,22,1,26.9,72.23,67.33
4,2026-07-17 18:42:18.101440,9.62,23,0,25.42,68.78,65.23
4,2026-07-18 18:42:18.101440,10.34,24,1,25.07,73.53,63.32
4,2026-07-19 18:42:18.101440,11.09,27,1,25.25,70.61,56.23
4,2026-07-20 18:42:18.101440,11.93,28,0,23.23,68.34,69.36
4,2026-07-21 18:42:18.101440,12.73,29,0,26.37,66.98,66.47
4,2026-07-22 18:42:18.101440,13.63,32,1,24.6,76.49,49.13
4,2026-07-23 18:42:18.101440,14.56,32,2,24.46,71.84,54.34
4,2026-07-24 18:42:18.101440,15.58,38,1,25.18,76.65,57.51
4,2026-07-25 18:42:18.101440,16.58,38,2,26.56,64.82,64.6
4,2026-07-26 18:42:18.101440,17.68,41,1,27.21,66.61,66.14
4,2026-07-27 18:42:18.101440,18.85,45,3,26.31,67.33,58.49
4,2026-07-28 18:42:18.101440,20.03,47,2,27.38,64.84,61.17
4,2026-07-29 18:42:18.101440,21.32,48,2,27.4,66.15,63.43
4,2026-07-30 18:42:18.101440,22.65,51,3,27.04,64.93,53.58
4,2026-07-31 18:42:18.101440,24.05,54,3,28.34,62.99,62.92
4,2026-08-01 18:42:18.101440,25.51,57,4,28.53,58.64,58.44
4,2026-08-02 18:42:18.101440,26.96,57,4,27.53,63.95,60.9
4,2026-08-03 18:42:18.101440,28.46,60,4,29.81,73.41,59.74
4,2026-08-04 18:42:18.101440,30.02,64,4,27.75,72.11,54.08
4,2026-08-05 18:42:18.101440,31.65,65,4,29.2,75.49,55.01
4,2026-08-06 18:42:18.101440,33.32,68,4,28.08,70.96,60.2
4,2026-08-07 18:42:18.101440,34.97,70,5,28.1,73.19,60.64
4,2026-08-08 18:42:18.101440,36.66,71,5,27.94,71.78,58.68
4,2026-08-09 18:42:18.101440,38.37,73,6,28.76,75.75,65.31
4,2026-08-10 18:42:18.101440,40.1,74,6,26.83,74.44,58.21
4,2026-08-11 18:42:18.101440,41.85,78,7,27.28,74.83,53.91
4,2026-08-12 18:42:18.101440,43.61,82,7,28.26,77.6,58.27
4,2026-08-13 18:42:18.101440,45.43,81,8,26.04,68.38,59.12
4,2026-08-14 18:42:18.101440,47.18,85,9,26.18,71.55,59.34
4,2026-08-15 18:42:18.101440,48.92,87,10,26.37,63.6,65.82
4,2026-08-16 18:42:18.101440,50.67,87,10,25.06,69.77,62.55
4,2026-08-17 18:42:18.101440,52.36,89,11,25.66,64.1,65.27
4,2026-08-18 18:42:18.101440,54.04,91,11,24.58,64.58,63.12
4,2026-08-19 18:42:18.101440,55.7,91,12,25.58,65.05,59.18
4,2026-08-20 18:42:18.101440,57.34,93,12,25.07,69.92,65.2
4,2026-08-21 18:42:18.101440,58.89,94,14,24.36,65.67,58.71
4,2026-08-22 18:42:18.101440,60.47,96,15,26.41,65.44,61.25
4,2026-08-23 18:42:18.101440,61.96,98,16,25.45,64.81,55.01
4,2026-08-24 18:42:18.101440,63.42,97,17,25.61,70.75,60.52
4,2026-08-25 18:42:18.101440,64.84,100,17,25.46,68.89,58.4
4,2026-08-26 18:42:18.101440,66.2,99,18,26.22,71.29,61.88
4,2026-08-27 18:42:18.101440,67.52,100,20,26.94,73.77,69.11
4,2026-08-28 18:42:18.101440,68.77,102,20,27.57,76.49,71.89
4,2026-08-29 18:42:18.101440,69.96,102,21,28.7,72.48,65.13
4,2026-08-30 18:42:18.101440,71.1,102,21,27.13,76.31,59.89
4,2026-08-31 18:42:18.101440,72.15,103,23,28.22,78.82,64.17
4,2026-09-01 18:42:18.101440,73.21,103,23,29.7,67.87,61.19
4,2026-09-02 18:42:18.101440,74.16,104,25,29.06,74.99,57.0
4,2026-09-03 18:42:18.101440,75.05,104,24,29.33,75.81,59.73
4,2026-09-04 18:42:18.101440,75.97,106,26,30.27,66.05,58.79
4,2026-09-05 18:42:18.101440,76.79,105,25,29.18,68.31,57.02
4,2026-09-06 18:42:18.101440,77.54,108,26,29.12,61.31,66.95
4,2026-09-07 18:42:18.101440,78.31,106,27,28.46,65.82,57.34
4,2026-09-08 18:42:18.101440,78.99,104,28,29.6,63.67,57.56
4,2026-09-09 18:42:18.101440,79.66,106,28,28.66,65.9,63.56
4,2026-09-10 18:42:18.101440,80.25,109,28,26.85,63.01,56.57
4,2026-09-11 18:42:18.101440,80.8,107,29,27.45,64.46,54.3
4,2026-09-12 18:42:18.101440,81.29,107,29,25.67,67.02,55.79
4,2026-09-13 18:42:18.101440,81.74,107,29,27.07,67.77,62.46
4,2026-09-14 18:42:18.101440,82.17,109,30,26.37,69.57,61.93
4,2026-09-15 18:42:18.101440,82.6,109,30,25.39,72.16,61.55
4,2026-09-16 18:42:18.101440,83.03,109,32,24.95,70.47,57.73
4,2026-09-17 18:42:18.101440,83.46,109,31,23.67,73.99,55.49
4,2026-09-18 18:42:18.101440,83.78,110,31,25.63,76.02,64.59
4,2026-09-19 18:42:18.101440,84.13,110,31,24.92,67.29,52.83
4,2026-09-20 18:42:18.101440,84.42,108,31,24.85,74.03,59.0
4,2026-09-21 18:42:18.101440,84.7,110,32,25.85,70.02,53.44
4,2026-09-22 18:42:18.101440,84.92,109,32,24.99,67.46,58.04
4,2026-09-23 18:42:18.101440,85.13,109,32,25.36,65.22,59.3
4,2026-09-24 18:42:18.101440,85.33,110,32,25.63,65.16,66.21
4,2026-09-25 18:42:18.101440,85.51,109,33,25.5,64.12,45.74
5,2026-06-28 18:42:18.102553,1.38,7,0,26.9,73.62,57.57
5,2026-06-29 18:42:18.102553,1.5,9,0,27.13,74.71,56.8
5,2026-06-30 18:42:18.102553,1.65,10,0,27.9,67.52,60.28
5,2026-07-01 18:42:18.102553,1.78,11,0,28.04,66.56,69.09
5,2026-07-02 18:42:18.102553,1.91,12,0,28.26,74.88,54.94
5,2026-07-03 18:42:18.102553,2.05,13,1,27.84,73.69,56.99
5,2026-07-04 18:42:18.102553,2.23,13,0,29.91,75.45,65.34
5,2026-07-05 18:42:18.102553,2.45,15,0,28.96,71.88,57.88
5,2026-07-06 18:42:18.102553,2.65,17,0,29.05,68.85,68.85
5,2026-07-07 18:42:18.102553,2.83,18,0,28.98,66.88,61.11
5,2026-07-08 18:42:18.102553,3.03,19,1,26.85,61.51,60.45
5,2026-07-09 18:42:18.102553,3.31,23,0,28.91,67.81,61.78
5,2026-07-10 18:42:18.102553,3.57,23,0,27.91,63.2,68.71
5,2026-07-11 18:42:18.102553,3.81,23,0,27.58,66.85,63.28
5,2026-07-12 18:42:18.102553,4.11,28,1,27.47,66.73,62.58
5,2026-07-13 18:42:18.102553,4.4,28,0,26.22,68.11,61.26
5,2026-07-14 18:42:18.102553,4.73,29,0,27.26,71.41,52.19
5,2026-07-15 18:42:18.102553,5.1,33,0,25.63,68.82,55.57
5,2026-07-16 18:42:18.102553,5.48,35,0,25.1,70.65,67.42
5,2026-07-17 18:42:18.102553,5.92,36,1,24.82,70.6,64.11
5,2026-07-18 18:42:18.102553,6.38,39,0,25.39,73.08,62.53
5,2026-07-19 18:42:18.102553,6.85,41,1,25.69,79.83,63.19
5,2026-07-20 18:42:18.102553,7.39,45,1,24.53,73.9,57.28
5,2026-07-21 18:42:18.102553,7.97,48,0,23.8,78.22,61.69
5,2026-07-22 18:42:18.102553,8.53,50,1,25.95,76.35,55.5
5,2026-07-23 18:42:18.102553,9.16,53,2,24.42,74.89,61.96
5,2026-07-24 18:42:18.102553,9.81,58,2,26.47,73.68,56.43
5,2026-07-25 18:42:18.102553,10.53,58,2,25.78,66.67,58.93
5,2026-07-26 18:42:18.102553,11.27,62,1,25.63,69.3,62.27
5,2026-07-27 18:42:18.102553,12.08,65,2,26.07,71.6,58.37
5,2026-07-28 18:42:18.102553,12.94,67,1,27.37,63.71,63.24
5,2026-07-29 18:42:18.102553,13.84,70,2,28.13,65.02,62.28
5,2026-07-30 18:42:18.102553,14.77,74,1,27.65,62.94,61.8
5,2026-07-31 18:42:18.102553,15.77,77,2,28.93,66.29,66.62
5,2026-08-01 18:42:18.102553,16.8,80,2,30.16,62.89,52.63
5,2026-08-02 18:42:18.102553,17.88,83,4,28.57,72.13,52.02
5,2026-08-03 18:42:18.102553,19.05,87,3,27.98,67.6,63.08
5,2026-08-04 18:42:18.102553,20.24,89,4,28.15,65.66,64.7
5,2026-08-05 18:42:18.102553,21.53,92,4,27.88,77.19,70.06
5,2026-08-06 18:42:18.102553,22.86,94,3,28.39,76.08,63.78
5,2026-08-07 18:42:18.102553,24.18,97,4,28.15,75.76,64.15
5,2026-08-08 18:42:18.102553,25.6,101,3,27.43,76.43,55.58
5,2026-08-09 18:42:18.102553,27.02,102,5,28.6,73.92,63.76
5,2026-08-10 18:42:18.102553,28.52,104,5,25.72,73.99,63.37
5,2026-08-11 18:42:18.102553,30.05,106,4,26.36,76.04,54.72
5,2026-08-12 18:42:18.102553,31.57,107,5,28.61,75.45,55.52
5,2026-08-13 18:42:18.102553,33.17,109,7,27.41,74.07,59.44
5,2026-08-14 18:42:18.102553,34.79,112,7,26.6,70.35,61.44
5,2026-08-15 18:42:18.102553,36.46,114,7,26.19,66.78,45.28
5,2026-08-16 18:42:18.102553,38.09,116,8,26.93,66.26,60.35
5,2026-08-17 18:42:18.102553,39.79,116,8,25.7,69.12,61.15
5,2026-08-18 18:42:18.102553,41.44,116,10,25.16,69.48,59.12
5,2026-08-19 18:42:18.102553,43.11,121,10,24.03,63.98,61.33
5,2026-08-20 18:42:18.102553,44.77,121,11,24.95,63.91,62.28
5,2026-08-21 18:42:18.102553,46.48,120,11,24.51,69.87,54.94
5,2026-08-22 18:42:18.102553,48.14,124,12,24.7,69.47,62.08
5,2026-08-23 18:42:18.102553,49.84,124,14,24.94,70.82,58.74
5,2026-08-24 18:42:18.102553,51.46,123,14,25.79,66.35,55.27
5,2026-08-25 18:42:18.102553,53.06,125,15,25.92,70.69,61.05
5,2026-08-26 18:42:18.102553,54.63,126,15,27.28,71.62,67.44
5,2026-08-27 18:42:18.102553,56.12,129,15,25.94,74.83,52.7
5,2026-08-28 18:42:18.102553,57.59,127,17,27.28,69.78,51.73
5,2026-08-29 18:42:18.102553,59.05,128,18,29.3,78.81,51.73
5,2026-08-30 18:42:18.102553,60.42,129,19,28.21,75.56,69.89
5,2026-08-31 18:42:18.102553,61.75,129,19,29.45,75.17,58.74
5,2026-09-01 18:42:18.102553,63.03,129,19,29.64,69.15,59.7
5,2026-09-02 18:42:18.102553,64.28,131,21,29.96,71.19,56.07
5,2026-09-03 18:42:18.102553,65.45,132,21,29.58,73.72,55.3
5,2026-09-04 18:42:18.102553,66.58,132,22,27.88,63.48,49.87
5,2026-09-05 18:42:18.102553,67.66,131,23,28.69,67.75,60.85
5,2026-09-06 18:42:18.102553,68.69,131,24,28.43,67.89,61.3
5,2026-09-07 18:42:18.102553,69.64,132,24,27.25,63.09,50.12
5,2026-09-08 18:42:18.102553,70.58,132,25,27.8,67.45,54.78
5,2026-09-09 18:42:18.102553,71.43,132,26,26.81,64.35,56.28
5,2026-09-10 18:42:18.102553,72.22,131,27,26.08,69.82,59.87
5,2026-09-11 18:42:18.102553,72.97,135,27,27.17,68.88,61.22
5,2026-09-12 18:42:18.102553,73.73,134,27,26.55,69.4,65.63
5,2026-09-13 18:42:18.102553,74.42,133,27,25.64,76.31,66.82
5,2026-09-14 18:42:18.102553,75.04,135,28,25.06,74.31,65.34
5,2026-09-15 18:42:18.102553,75.62,135,28,25.08,77.09,66.71
5,2026-09-16 18:42:18.102553,76.21,132,29,24.95,70.64,54.17
5,2026-09-17 18:42:18.102553,76.72,134,29,24.77,72.9,57.23
5,2026-09-18 18:42:18.102553,77.19,134,29,24.97,77.5,65.72
5,2026-09-19 18:42:18.102553,77.67,135,28,24.66,77.38,61.44
5,2026-09-20 18:42:18.102553,78.08,134,30,25.41,73.7,60.09
5,2026-09-21 18:42:18.102553,78.48,134,30,25.69,75.04,50.11
5,2026-09-22 18:42:18.102553,78.86,134,30,25.8,68.09,50.7
5,2026-09-23 18:42:18.102553,79.21,136,30,25.29,70.35,63.65
5,2026-09-24 18:42:18.102553,79.53,137,31,25.69,64.74,61.71
5,2026-09-25 18:42:18.102553,79.88,134,31,26.93,67.86,58.52
6,2026-06-28 18:42:18.103814,2.52,2,0,27.76,75.07,70.68
6,2026-06-29 18:42:18.103814,2.72,2,1,26.2,76.1,54.78
6,2026-06-30 18:42:18.103814,2.97,3,1,27.15,78.36,58.99
6,2026-07-01 18:42:18.103814,3.25,4,0,28.04,71.55,66.45
6,2026-07-02 18:42:18.103814,3.52,4,0,28.06,70.07,63.57
6,2026-07-03 18:42:18.103814,3.84,5,1,29.92,68.47,54.97
6,2026-07-04 18:42:18.103814,4.14,6,1,28.78,71.04,67.57
6,2026-07-05 18:42:18.103814,4.48,6,0,29.19,72.33,64.89
6,2026-07-06 18:42:18.103814,4.82,6,0,28.1,65.61,63.44
6,2026-07-07 18:42:18.103814,5.17,9,1,30.13,62.73,53.75
6,2026-07-08 18:42:18.103814,5.54,5,0,28.86,66.44,59.14
6,2026-07-09 18:42:18.103814,5.98,6,0,29.1,64.12,66.58
6,2026-07-10 18:42:18.103814,6.41,8,0,28.24,66.9,62.44
6,2026-07-11 18:42:18.103814,6.93,8,0,26.11,65.05,63.98
6,2026-07-12 18:42:18.103814,7.48,8,0,26.14,65.68,58.64
6,2026-07-13 18:42:18.103814,8.08,10,1,25.97,67.16,67.55
6,2026-07-14 18:42:18.103814,8.66,11,0,26.96,68.96,58.78
6,2026-07-15 18:42:18.103814,9.32,11,1,25.78,67.52,64.61
6,2026-07-16 18:42:18.103814,9.97,15,0,26.17,68.57,61.61
6,2026-07-17 18:42:18.103814,10.65,16,0,25.74,78.06,55.16
6,2026-07-18 18:42:18.103814,11.4,18,0,25.47,83.61,67.42
6,2026-07-19 18:42:18.103814,12.2,17,1,25.83,78.33,53.68
6,2026-07-20 18:42:18.103814,12.99,19,1,25.16,70.24,56.3
6,2026-07-21 18:42:18.103814,13.83,19,2,23.7,74.89,60.69
6,2026-07-22 18:42:18.103814,14.77,22,2,24.55,77.59,52.95
6,2026-07-23 18:42:18.103814,15.72,22,2,26.6,67.99,50.94
6,2026-07-24 18:42:18.103814,16.77,25,2,24.65,69.96,59.38
6,2026-07-25 18:42:18.103814,17.84,26,0,26.91,68.64,57.83
6,2026-07-26 18:42:18.103814,18.96,29,2,27.51,65.59,58.59
6,2026-07-27 18:42:18.103814,20.13,30,1,26.11,64.48,62.47
6,2026-07-28 18:42:18.103814,21.35,33,2,27.28,69.0,71.27
6,2026-07-29 18:42:18.103814,22.6,32,1,26.29,63.97,57.86
6,2026-07-30 18:42:18.103814,23.91,33,3,28.43,64.49,72.2
6,2026-07-31 18:42:18.103814,25.23,37,2,27.55,70.66,61.15
6,2026-08-01 18:42:18.103814,26.59,38,2,27.44,63.75,59.45
6,2026-08-02 18:42:18.103814,27.97,41,3,28.42,61.72,46.4
6,2026-08-03 18:42:18.103814,29.41,43,3,28.54,70.85,52.25
6,2026-08-04 18:42:18.103814,30.87,45,3,28.52,76.5,61.21
6,2026-08-05 18:42:18.103814,32.32,47,3,29.15,72.62,62.67
6,2026-08-06 18:42:18.103814,33.87,49,3,28.77,74.26,55.7
6,2026-08-07 18:42:18.103814,35.37,51,3,28.2,70.51,61.37
6,2026-08-08 18:42:18.103814,36.88,51,4,29.25,72.19,64.35
6,2026-08-09 18:42:18.103814,38.41,56,5,30.11,79.56,57.01
6,2026-08-10 18:42:18.103814,39.98,56,5,27.87,78.61,51.71
6,2026-08-11 18:42:18.103814,41.49,58,6,26.85,75.8,54.91
6,2026-08-12 18:42:18.103814,43.02,59,6,26.21,70.93,58.3
6,2026-08-13 18:42:18.103814,44.51,62,6,27.06,67.85,61.24
6,2026-08-14 18:42:18.103814,45.94,62,7,25.98,66.72,63.69
6,2026-08-15 18:42:18.103814,47.41,64,8,25.84,64.8,55.17
6,2026-08-16 18:42:18.103814,48.86,65,8,23.92,68.8,59.98
6,2026-08-17 18:42:18.103814,50.24,66,8,24.36,63.54,58.5
6,2026-08-18 18:42:18.103814,51.59,67,10,24.17,63.78,59.98
6,2026-08-19 18:42:18.103814,52.87,69,10,25.77,67.18,65.31
6,2026-08-20 18:42:18.103814,54.11,70,11,24.79,67.44,66.29
6,2026-08-21 18:42:18.103814,55.34,70,11,23.11,66.35,57.42
6,2026-08-22 18:42:18.103814,56.55,74,12,25.65,68.79,56.76
6,2026-08-23 18:42:18.103814,57.68,72,14,26.42,68.79,56.35
6,2026-08-24 18:42:18.103814,58.79,74,14,26.87,64.51,57.17
6,2026-08-25 18:42:18.103814,59.87,77,14,23.95,71.61,57.74
6,2026-08-26 18:42:18.103814,60.88,75,14,26.71,71.91,58.97
6,2026-08-27 18:42:18.103814,61.85,77,16,27.65,73.15,57.29
6,2026-08-28 18:42:18.103814,62.8,78,17,27.9,75.57,54.45
6,2026-08-29 18:42:18.103814,63.64,77,18,27.62,73.3,53.97
6,2026-08-30 18:42:18.103814,64.48,77,18,26.73,78.34,60.11
6,2026-08-31 18:42:18.103814,65.21,77,17,28.14,73.36,72.04
6,2026-09-01 18:42:18.103814,65.96,79,18,28.47,73.21,62.62
6,2026-09-02 18:42:18.103814,66.66,80,20,29.36,72.27,63.08
6,2026-09-03 18:42:18.103814,67.3,78,20,29.5,69.2,61.59
6,2026-09-04 18:42:18.103814,67.89,81,21,28.79,70.13,59.03
6,2026-09-05 18:42:18.103814,68.46,80,21,29.58,69.11,69.85
6,2026-09-06 18:42:18.103814,69.0,82,21,27.89,67.69,58.27
6,2026-09-07 18:42:18.103814,69.51,82,22,27.94,63.03,54.96
6,2026-09-08 18:42:18.103814,69.96,81,22,28.15,62.27,53.65
6,2026-09-09 18:42:18.103814,70.42,82,23,28.27,63.49,60.76
6,2026-09-10 18:42:18.103814,70.81,82,23,27.16,66.11,54.85
6,2026-09-11 18:42:18.103814,71.19,84,24,27.98,61.63,55.47
6,2026-09-12 18:42:18.103814,71.54,86,24,26.91,66.14,55.48
6,2026-09-13 18:42:18.103814,71.91,83,25,25.43,66.77,53.25
6,2026-09-14 18:42:18.103814,72.19,83,24,25.89,69.72,60.67
6,2026-09-15 18:42:18.103814,72.47,84,25,24.8,70.32,51.43
6,2026-09-16 18:42:18.103814,72.77,84,25,24.5,76.58,71.25
6,2026-09-17 18:42:18.103814,73.01,84,26,23.96,76.11,46.02
6,2026-09-18 18:42:18.103814,73.21,84,25,26.13,77.8,52.86
6,2026-09-19 18:42:18.103814,73.44,84,26,25.74,71.62,60.16
6,2026-09-20 18:42:18.103814,73.64,83,26,23.82,71.46,61.95
6,2026-09-21 18:42:18.103814,73.85,84,26,26.16,71.73,58.15
6,2026-09-22 18:42:18.103814,74.0,85,26,26.28,76.18,61.31
6,2026-09-23 18:42:18.103814,74.16,84,26,25.53,74.7,60.77
6,2026-09-24 18:42:18.103814,74.33,86,26,26.59,66.27,60.54
6,2026-09-25 18:42:18.103814,74.5,85,27,28.38,68.67,62.86
7,2026-06-28 18:42:18.105076,1.12,7,1,27.3,68.37,64.79
7,2026-06-29 18:42:18.105076,1.19,8,0,25.32,70.61,55.47
7,2026-06-30 18:42:18.105076,1.27,7,0,28.01,77.56,59.8
7,2026-07-01 18:42:18.105076,1.36,10,0,28.13,76.78,51.39
7,2026-07-02 18:42:18.105076,1.48,8,0,28.55,73.42,63.26
7,2026-07-03 18:42:18.105076,1.63,9,1,27.87,67.57,54.59
7,2026-07-04 18:42:18.105076,1.76,12,1,28.69,70.16,50.97
7,2026-07-05 18:42:18.105076,1.89,12,0,28.85,67.68,59.7
7,2026-07-06 18:42:18.105076,2.06,14,0,29.94,70.09,65.53
7,2026-07-07 18:42:18.105076,2.24,17,0,29.17,73.61,52.38
7,2026-07-08 18:42:18.105076,2.42,15,1,28.73,66.44,54.56
7,2026-07-09 18:42:18.105076,2.6,17,1,29.71,62.83,56.28
7,2026-07-10 18:42:18.105076,2.81,19,0,27.73,61.5,54.35
7,2026-07-11 18:42:18.105076,3.06,21,1,27.5,65.17,61.9
7,2026-07-12 18:42:18.105076,3.27,22,0,25.96,65.6,55.96
7,2026-07-13 18:42:18.105076,3.52,23,1,28.26,63.84,56.39
7,2026-07-14 18:42:18.105076,3.76,26,0,27.36,69.08,62.92
7,2026-07-15 18:42:18.105076,4.04,28,1,26.92,66.83,56.22
7,2026-07-16 18:42:18.105076,4.32,28,1,26.36,75.15,62.16
7,2026-07-17 18:42:18.105076,4.67,31,1,25.6,76.35,55.14
7,2026-07-18 18:42:18.105076,5.02,33,0,25.44,77.46,53.94
7,2026-07-19 18:42:18.105076,5.43,34,0,24.9,73.41,50.82
7,2026-07-20 18:42:18.105076,5.87,38,1,24.85,76.54,69.31
7,2026-07-21 18:42:18.105076,6.33,39,0,25.05,74.26,58.4
7,2026-07-22 18:42:18.105076,6.77,43,0,26.31,72.7,61.22
7,2026-07-23 18:42:18.105076,7.29,45,1,25.71,71.68,59.84
7,2026-07-24 18:42:18.105076,7.85,47,0,25.47,67.37,60.8
7,2026-07-25 18:42:18.105076,8.46,49,0,25.36,65.38,60.25
7,2026-07-26 18:42:18.105076,9.07,52,1,25.68,70.57,69.54
7,2026-07-27 18:42:18.105076,9.74,52,1,27.87,66.26,54.81
7,2026-07-28 18:42:18.105076,10.44,56,1,27.41,66.44,52.21
7,2026-07-29 18:42:18.105076,11.19,60,1,27.47,68.17,54.94
7,2026-07-30 18:42:18.105076,12.03,60,0,27.54,59.81,53.33
7,2026-07-31 18:42:18.105076,12.87,65,0,27.29,62.99,63.73
7,2026-08-01 18:42:18.105076,13.78,65,1,28.43,66.66,64.1
7,2026-08-02 18:42:18.105076,14.75,70,1,29.43,68.47,55.19
7,2026-08-03 18:42:18.105076,15.74,71,0,28.59,67.6,53.05
7,2026-08-04 18:42:18.105076,16.79,75,2,28.81,73.37,58.23
7,2026-08-05 18:42:18.105076,17.89,76,2,28.81,72.45,66.96
7,2026-08-06 18:42:18.105076,19.04,77,2,28.99,69.53,45.9
7,2026-08-07 18:42:18.105076,20.21,82,1,27.46,71.42,62.63
7,2026-08-08 18:42:18.105076,21.45,84,2,28.3,77.25,54.62
7,2026-08-09 18:42:18.105076,22.77,85,2,27.49,76.38,65.2
7,2026-08-10 18:42:18.105076,24.06,86,2,28.52,68.96,54.61
7,2026-08-11 18:42:18.105076,25.45,88,3,26.8,77.91,58.57
7,2026-08-12 18:42:18.105076,26.86,89,2,27.46,74.5,52.47
7,2026-08-13 18:42:18.105076,28.29,93,3,27.8,75.3,55.11
7,2026-08-14 18:42:18.105076,29.81,92,3,25.94,68.56,66.93
7,2026-08-15 18:42:18.105076,31.33,94,5,25.34,67.3,64.1
7,2026-08-16 18:42:18.105076,32.83,95,3,25.67,63.45,57.99
7,2026-08-17 18:42:18.105076,34.38,96,5,25.27,73.4,55.65
7,2026-08-18 18:42:18.105076,35.95,97,4,24.3,64.64,50.53
7,2026-08-19 18:42:18.105076,37.52,101,5,25.38,69.77,58.03
7,2026-08-20 18:42:18.105076,39.11,100,4,26.62,63.4,59.85
7,2026-08-21 18:42:18.105076,40.68,102,5,24.89,66.62,59.58
7,2026-08-22 18:42:18.105076,42.27,102,6,25.11,62.28,59.53
7,2026-08-23 18:42:18.105076,43.86,102,6,24.68,67.58,54.39
7,2026-08-24 18:42:18.105076,45.39,104,7,26.08,73.24,59.67
7,2026-08-25 18:42:18.105076,46.92,104,7,25.19,68.06,59.81
7,2026-08-26 18:42:18.105076,48.4,105,8,25.7,76.38,66.45
7,2026-08-27 18:42:18.105076,49.88,105,8,28.02,75.22,69.33
7,2026-08-28 18:42:18.105076,51.29,106,7,26.69,71.7,59.32
7,2026-08-29 18:42:18.105076,52.68,106,8,28.68,73.49,56.17
7,2026-08-30 18:42:18.105076,54.04,107,8,29.4,73.28,59.68
7,2026-08-31 18:42:18.105076,55.39,110,8,28.69,73.72,56.96
7,2026-09-01 18:42:18.105076,56.7,108,9,29.17,71.09,56.29
7,2026-09-02 18:42:18.105076,57.9,108,11,30.46,68.79,59.71
7,2026-09-03 18:42:18.105076,59.07,109,10,28.83,68.8,54.78
7,2026-09-04 18:42:18.105076,60.23,111,10,28.51,65.1,63.03
7,2026-09-05 18:42:18.105076,61.27,108,11,27.82,62.96,59.48
7,2026-09-06 18:42:18.105076,62.3,110,12,28.77,65.65,61.25
7,2026-09-07 18:42:18.105076,63.3,110,12,29.67,67.81,59.09
7,2026-09-08 18:42:18.105076,64.28,109,12,28.94,60.42,56.36
7,2026-09-09 18:42:18.105076,65.2,111,12,27.06,65.35,55.26
7,2026-09-10 18:42:18.105076,66.04,111,12,26.73,64.18,58.81
7,2026-09-11 18:42:18.105076,66.84,111,13,26.6,64.37,57.26
7,2026-09-12 18:42:18.105076,67.6,110,13,26.82,71.29,61.17
7,2026-09-13 18:42:18.105076,68.36,112,13,26.02,68.73,59.98
7,2026-09-14 18:42:18.105076,69.03,111,13,26.0,76.31,53.19
7,2026-09-15 18:42:18.105076,69.66,111,14,25.75,70.83,60.34
7,2026-09-16 18:42:18.105076,70.27,111,13,25.03,75.37,53.29
7,2026-09-17 18:42:18.105076,70.83,111,14,25.07,74.15,56.92
7,2026-09-18 18:42:18.105076,71.36,113,13,25.18,72.73,58.53
7,2026-09-19 18:42:18.105076,71.82,111,14,24.94,76.42,49.62
7,2026-09-20 18:42:18.105076,72.29,112,14,25.5,73.4,60.46
7,2026-09-21 18:42:18.105076,72.71,112,14,26.76,74.51,60.75
7,2026-09-22 18:42:18.105076,73.14,112,15,25.99,71.13,59.21
7,2026-09-23 18:42:18.105076,73.53,112,15,25.87,66.46,57.88
7,2026-09-24 18:42:18.105076,73.89,113,14,24.84,67.88,58.13
7,2026-09-25 18:42:18.105076,74.23,112,15,26.89,66.99,55.12
8,2026-06-28 18:42:18.106232,0.83,3,0,27.19,75.26,56.12
8,2026-06-29 18:42:18.106232,0.89,5,0,28.26,73.81,61.23
8,2026-06-30 18:42:18.106232,0.91,6,0,27.51,70.77,55.93
8,2026-07-01 18:42:18.106232,0.99,6,1,27.97,73.97,72.98
8,2026-07-02 18:42:18.106232,1.05,6,1,29.76,72.07,62.36
8,2026-07-03 18:42:18.106232,1.17,6,1,27.4,68.93,59.44
8,2026-07-04 18:42:18.106232,1.3,9,1,28.18,72.41,56.79
8,2026-07-05 18:42:18.106232,1.45,7,1,28.83,71.46,61.93
8,2026-07-06 18:42:18.106232,1.59,9,0,30.43,70.69,65.61
8,2026-07-07 18:42:18.106232,1.72,9,0,28.4,67.21,61.82
8,2026-07-08 18:42:18.106232,1.89,11,0,29.35,65.08,54.89
8,2026-07-09 18:42:18.106232,2.08,11,0,29.73,68.61,59.43
8,2026-07-10 18:42:18.106232,2.22,11,0,27.97,67.36,52.05
8,2026-07-11 18:42:18.106232,2.42,15,1,27.65,72.3,67.73
8,2026-07-12 18:42:18.106232,2.61,15,1,28.73,67.86,63.97
8,2026-07-13 18:42:18.106232,2.85,14,0,26.54,64.55,61.59
8,2026-07-14 18:42:18.106232,3.05,16,1,25.72,71.7,62.01
8,2026-07-15 18:42:18.106232,3.28,18,0,26.83,77.36,57.71
8,2026-07-16 18:42:18.106232,3.55,20,0,25.39,72.71,59.82
8,2026-07-17 18:42:18.106232,3.83,20,0,26.53,72.7,65.35
8,2026-07-18 18:42:18.106232,4.09,23,0,25.68,72.5,60.32
8,2026-07-19 18:42:18.106232,4.42,23,0,23.67,80.67,63.49
8,2026-07-20 18:42:18.106232,4.75,25,1,25.21,74.53,61.65
8,2026-07-21 18:42:18.106232,5.11,29,1,25.0,74.02,61.71
8,2026-07-22 18:42:18.106232,5.5,32,0,24.55,74.89,62.14
8,2026-07-23 18:42:18.106232,5.93,32,1,26.13,68.54,65.75
8,2026-07-24 18:42:18.106232,6.33,34,2,24.08,70.57,59.1
8,2026-07-25 18:42:18.106232,6.85,37,1,24.8,66.03,63.96
8,2026-07-26 18:42:18.106232,7.33,37,1,25.77,67.89,56.62
8,2026-07-27 18:42:18.106232,7.82,41,1,27.2,68.46,57.67
8,2026-07-28 18:42:18.106232,8.4,43,2,25.74,68.72,57.0
8,2026-07-29 18:42:18.106232,9.05,46,1,26.88,64.05,64.85
8,2026-07-30 18:42:18.106232,9.68,48,1,27.22,67.62,59.08
8,2026-07-31 18:42:18.106232,10.41,49,0,26.94,64.31,66.73
8,2026-08-01 18:42:18.106232,11.18,53,0,28.15,61.31,55.5
8,2026-08-02 18:42:18.106232,11.93,53,2,27.78,69.18,62.53
8,2026-08-03 18:42:18.106232,12.68,58,2,28.51,68.27,54.83
8,2026-08-04 18:42:18.106232,13.5,59,3,29.19,70.78,66.23
8,2026-08-05 18:42:18.106232,14.43,61,3,28.23,64.11,57.15
8,2026-08-06 18:42:18.106232,15.35,64,2,28.17,73.99,62.9
8,2026-08-07 18:42:18.106232,16.3,66,3,27.91,75.14,57.18
8,2026-08-08 18:42:18.106232,17.29,69,4,27.77,75.77,56.79
8,2026-08-09 18:42:18.106232,18.36,70,3,26.88,78.32,61.83
8,2026-08-10 18:42:18.106232,19.46,73,4,26.83,73.78,52.04
8,2026-08-11 18:42:18.106232,20.63,76,5,27.48,80.54,54.66
8,2026-08-12 18:42:18.106232,21.84,77,4,26.26,75.11,68.17
8,2026-08-13 18:42:18.106232,23.04,78,4,29.17,73.14,56.51
8,2026-08-14 18:42:18.106232,24.29,81,6,25.5,62.45,64.69
8,2026-08-15 18:42:18.106232,25.55,82,6,26.16,62.5,56.31
8,2026-08-16 18:42:18.106232,26.86,82,6,24.27,71.59,52.41
8,2026-08-17 18:42:18.106232,28.17,84,6,25.02,67.22,58.54
8,2026-08-18 18:42:18.106232,29.5,87,8,24.62,68.22,64.94
8,2026-08-19 18:42:18.106232,30.92,87,9,24.91,64.14,60.48
8,2026-08-20 18:42:18.106232,32.31,89,9,26.05,65.26,59.13
8,2026-08-21 18:42:18.106232,33.72,89,10,24.93,68.19,64.87
8,2026-08-22 18:42:18.106232,35.18,92,11,24.27,65.22,56.8
8,2026-08-23 18:42:18.106232,36.59,93,11,25.58,73.02,64.21
8,2026-08-24 18:42:18.106232,37.98,94,11,25.02,67.27,62.15
8,2026-08-25 18:42:18.106232,39.36,97,14,26.06,72.81,55.45
8,2026-08-26 18:42:18.106232,40.7,96,13,27.84,72.7,65.19
8,2026-08-27 18:42:18.106232,42.08,96,14,27.74,75.63,66.18
8,2026-08-28 18:42:18.106232,43.39,100,15,28.27,78.95,59.34
8,2026-08-29 18:42:18.106232,44.74,97,17,28.23,72.0,61.15
8,2026-08-30 18:42:18.106232,46.0,100,17,28.15,76.41,59.14
8,2026-08-31 18:42:18.106232,47.23,98,18,27.24,74.63,54.93
8,2026-09-01 18:42:18.106232,48.42,100,18,28.34,75.64,64.48
8,2026-09-02 18:42:18.106232,49.6,103,20,28.47,71.61,55.48
8,2026-09-03 18:42:18.106232,50.73,101,21,29.53,68.66,63.14
8,2026-09-04 18:42:18.106232,51.86,101,22,29.78,70.12,57.84
8,2026-09-05 18:42:18.106232,52.89,104,22,29.28,71.27,55.36
8,2026-09-06 18:42:18.106232,53.9,102,24,28.09,68.68,63.55
8,2026-09-07 18:42:18.106232,54.91,102,24,29.97,66.07,61.65
8,2026-09-08 18:42:18.106232,55.82,103,25,29.31,66.73,69.71
8,2026-09-09 18:42:18.106232,56.71,102,26,27.64,61.16,60.13
8,2026-09-10 18:42:18.106232,57.58,105,28,27.57,64.96,61.22
8,2026-09-11 18:42:18.106232,58.39,105,28,27.51,66.99,61.06
8,2026-09-12 18:42:18.106232,59.12,105,29,26.67,67.57,59.23
8,2026-09-13 18:42:18.106232,59.78,105,29,26.11,68.64,67.06
8,2026-09-14 18:42:18.106232,60.51,104,30,26.22,72.12,68.0
8,2026-09-15 18:42:18.106232,61.15,105,30,25.52,74.82,63.89
8,2026-09-16 18:42:18.106232,61.78,102,31,25.43,80.48,55.46
8,2026-09-17 18:42:18.106232,62.33,105,32,23.81,73.18,62.76
8,2026-09-18 18:42:18.106232,62.9,105,32,23.72,72.71,60.8
8,2026-09-19 18:42:18.106232,63.4,103,33,26.4,78.1,58.27
8,2026-09-20 18:42:18.106232,63.87,106,33,23.88,74.78,52.76
8,2026-09-21 18:42:18.106232,64.28,105,34,25.66,70.48,64.94
8,2026-09-22 18:42:18.106232,64.69,105,34,25.77,76.31,66.52
8,2026-09-23 18:42:18.106232,65.06,106,35,26.0,69.53,62.08
8,2026-09-24 18:42:18.106232,65.41,106,35,25.63,67.65,62.8
8,2026-09-25 18:42:18.106232,65.69,106,36,27.4,65.43,69.31
9,2026-06-28 18:42:18.107433,3.15,5,0,27.14,71.44,70.28
9,2026-06-29 18:42:18.107433,3.42,4,1,26.57,78.97,69.09
9,2026-06-30 18:42:18.107433,3.72,4,0,27.26,74.97,64.4
9,2026-07-01 18:42:18.107433,4.0,7,0,27.91,72.59,60.01
9,2026-07-02 18:42:18.107433,4.33,5,0,27.7,72.99,55.62
9,2026-07-03 18:42:18.107433,4.68,8,0,29.71,75.56,64.79
9,2026-07-04 18:42:18.107433,5.03,7,0,28.33,67.15,57.99
9,2026-07-05 18:42:18.107433,5.41,8,0,27.99,70.16,65.46
9,2026-07-06 18:42:18.107433,5.78,8,0,29.89,65.3,58.6
9,2026-07-07 18:42:18.107433,6.26,10,0,29.47,67.51,52.09
9,2026-07-08 18:42:18.107433,6.75,9,1,26.88,64.21,56.48
9,2026-07-09 18:42:18.107433,7.33,12,1,28.04,64.94,60.32
9,2026-07-10 18:42:18.107433,7.9,12,0,28.98,67.29,57.54
9,2026-07-11 18:42:18.107433,8.5,12,1,27.2,65.47,60.72
9,2026-07-12 18:42:18.107433,9.11,13,0,27.2,67.79,55.38
9,2026-07-13 18:42:18.107433,9.81,15,0,26.81,69.39,68.13
9,2026-07-14 18:42:18.107433,10.51,15,0,24.78,69.95,57.39
9,2026-07-15 18:42:18.107433,11.31,19,0,25.48,70.97,62.64
9,2026-07-16 18:42:18.107433,12.1,19,0,26.45,71.94,51.63
9,2026-07-17 18:42:18.107433,12.96,18,0,26.68,75.08,64.2
9,2026-07-18 18:42:18.107433,13.82,23,0,25.22,77.82,67.81
9,2026-07-19 18:42:18.107433,14.83,20,0,25.02,80.36,63.08
9,2026-07-20 18:42:18.107433,15.83,26,1,25.47,80.27,58.83
9,2026-07-21 18:42:18.107433,16.88,24,1,25.16,71.68,55.4
9,2026-07-22 18:42:18.107433,18.0,28,1,25.52,74.75,63.11
9,2026-07-23 18:42:18.107433,19.14,31,1,24.58,74.17,62.98
9,2026-07-24 18:42:18.107433,20.37,32,0,25.55,74.92,53.52
9,2026-07-25 18:42:18.107433,21.61,33,1,26.24,72.9,60.16
9,2026-07-26 18:42:18.107433,22.94,38,0,26.68,63.89,62.8
9,2026-07-27 18:42:18.107433,24.28,37,1,25.35,67.66,56.16
9,2026-07-28 18:42:18.107433,25.65,40,1,27.67,60.66,63.13
9,2026-07-29 18:42:18.107433,27.1,45,1,27.52,63.74,58.72
9,2026-07-30 18:42:18.107433,28.57,46,1,27.95,62.23,67.38
9,2026-07-31 18:42:18.107433,30.13,49,1,26.78,63.5,53.7
9,2026-08-01 18:42:18.107433,31.72,53,1,28.53,70.88,62.71
9,2026-08-02 18:42:18.107433,33.35,54,2,27.48,65.67,60.68
9,2026-08-03 18:42:18.107433,35.0,58,2,26.9,67.23,50.66
9,2026-08-04 18:42:18.107433,36.67,60,2,29.08,70.66,55.41
9,2026-08-05 18:42:18.107433,38.36,63,2,29.0,75.03,55.78
9,2026-08-06 18:42:18.107433,40.09,67,1,28.97,68.06,64.75
9,2026-08-07 18:42:18.107433,41.81,69,2,28.89,79.08,58.27
9,2026-08-08 18:42:18.107433,43.51,72,2,28.51,72.54,60.03
9,2026-08-09 18:42:18.107433,45.21,75,1,29.08,72.01,60.82
9,2026-08-10 18:42:18.107433,46.91,76,2,28.49,75.04,73.03
9,2026-08-11 18:42:18.107433,48.6,78,2,28.74,75.88,58.87
9,2026-08-12 18:42:18.107433,50.33,81,2,29.05,80.82,69.78
9,2026-08-13 18:42:18.107433,51.96,85,3,27.23,73.95,59.13
9,2026-08-14 18:42:18.107433,53.56,88,3,26.86,67.92,52.14
9,2026-08-15 18:42:18.107433,55.16,89,4,27.38,67.55,55.96
9,2026-08-16 18:42:18.107433,56.74,89,4,24.85,63.95,53.81
9,2026-08-17 18:42:18.107433,58.26,93,4,25.04,67.74,58.19
9,2026-08-18 18:42:18.107433,59.72,96,4,25.34,67.63,52.71
9,2026-08-19 18:42:18.107433,61.14,97,5,23.8,63.99,55.46
9,2026-08-20 18:42:18.107433,62.52,99,5,25.82,68.72,69.64
9,2026-08-21 18:42:18.107433,63.89,102,5,26.4,61.04,61.25
9,2026-08-22 18:42:18.107433,65.15,103,6,24.3,65.84,61.72
9,2026-08-23 18:42:18.107433,66.39,103,7,24.9,65.93,69.17
9,2026-08-24 18:42:18.107433,67.56,106,8,26.58,68.49,51.76
9,2026-08-25 18:42:18.107433,68.7,106,8,27.3,66.88,62.88
9,2026-08-26 18:42:18.107433,69.79,108,8,25.29,76.0,57.67
9,2026-08-27 18:42:18.107433,70.78,111,9,27.46,71.31,59.88
9,2026-08-28 18:42:18.107433,71.81,112,10,27.27,74.4,56.61
9,2026-08-29 18:42:18.107433,72.74,112,10,26.35,78.51,60.63
9,2026-08-30 18:42:18.107433,73.6,112,11,27.85,79.45,66.23
9,2026-08-31 18:42:18.107433,74.41,113,11,28.04,77.38,66.08
9,2026-09-01 18:42:18.107433,75.18,115,12,28.83,65.96,61.28
9,2026-09-02 18:42:18.107433,75.91,114,12,28.94,70.32,64.16
9,2026-09-03 18:42:18.107433,76.62,116,12,28.78,68.62,54.06
9,2026-09-04 18:42:18.107433,77.27,117,13,28.89,66.09,45.37
9,2026-09-05 18:42:18.107433,77.89,118,14,28.78,64.44,65.27
9,2026-09-06 18:42:18.107433,78.42,117,16,29.15,64.09,70.23
9,2026-09-07 18:42:18.107433,78.93,118,16,29.26,66.89,62.39
9,2026-09-08 18:42:18.107433,79.41,120,16,28.95,63.58,56.95
9,2026-09-09 18:42:18.107433,79.88,119,17,27.1,61.26,60.28
9,2026-09-10 18:42:18.107433,80.32,118,18,26.78,61.35,66.16
9,2026-09-11 18:42:18.107433,80.69,120,19,26.46,67.69,54.18
9,2026-09-12 18:42:18.107433,81.07,120,19,27.72,63.52,60.41
9,2026-09-13 18:42:18.107433,81.44,120,20,26.57,72.36,63.12
9,2026-09-14 18:42:18.107433,81.79,121,20,25.21,70.29,54.88
9,2026-09-15 18:42:18.107433,82.07,120,21,24.59,71.61,70.53
9,2026-09-16 18:42:18.107433,82.36,123,21,24.46,74.86,64.12
9,2026-09-17 18:42:18.107433,82.64,122,21,25.12,73.72,68.37
9,2026-09-18 18:42:18.107433,82.87,121,21,24.13,77.1,54.63
9,2026-09-19 18:42:18.107433,83.15,122,22,25.0,70.77,61.12
9,2026-09-20 18:42:18.107433,83.33,122,22,26.18,68.39,67.72
9,2026-09-21 18:42:18.107433,83.52,121,23,25.06,78.58,62.29
9,2026-09-22 18:42:18.107433,83.71,120,22,26.2,71.76,66.36
9,2026-09-23 18:42:18.107433,83.89,120,22,24.61,61.93,50.76
9,2026-09-24 18:42:18.107433,84.04,125,24,26.47,73.28,59.59
9,2026-09-25 18:42:18.107433,84.22,122,23,26.82,62.56,50.02
10,2026-06-28 18:42:18.108528,3.69,6,0,26.01,76.13,61.4
10,2026-06-29 18:42:18.108528,3.99,6,0,26.21,74.16,62.44
10,2026-06-30 18:42:18.108528,4.3,6,0,27.28,75.32,55.53
10,2026-07-01 18:42:18.108528,4.64,6,0,26.91,74.9,65.45
10,2026-07-02 18:42:18.108528,5.03,7,0,28.56,72.33,51.69
10,2026-07-03 18:42:18.108528,5.44,8,0,28.08,70.85,65.68
10,2026-07-04 18:42:18.108528,5.88,10,0,28.41,72.42,63.0
10,2026-07-05 18:42:18.108528,6.32,11,0,29.28,70.84,69.0
10,2026-07-06 18:42:18.108528,6.78,10,0,30.16,70.37,58.1
10,2026-07-07 18:42:18.108528,7.28,12,0,28.41,71.16,64.47
10,2026-07-08 18:42:18.108528,7.83,12,0,27.11,62.08,57.19
10,2026-07-09 18:42:18.108528,8.42,12,0,28.11,59.64,64.19
10,2026-07-10 18:42:18.108528,9.02,14,0,28.11,63.78,61.34
10,2026-07-11 18:42:18.108528,9.67,16,1,28.65,69.13,64.1
10,2026-07-12 18:42:18.108528,10.39,16,0,27.32,65.98,53.73
10,2026-07-13 18:42:18.108528,11.1,19,0,26.24,61.84,62.55
10,2026-07-14 18:42:18.108528,11.91,19,0,27.26,73.49,61.96
10,2026-07-15 18:42:18.108528,12.77,20,1,26.99,71.78,67.61
10,2026-07-16 18:42:18.108528,13.66,21,0,25.62,67.33,58.44
10,2026-07-17 18:42:18.108528,14.59,25,0,25.69,70.67,59.22
10,2026-07-18 18:42:18.108528,15.58,26,0,25.5,74.49,63.33
10,2026-07-19 18:42:18.108528,16.66,28,0,27.1,73.17,62.75
10,2026-07-20 18:42:18.108528,17.77,28,0,24.49,74.58,47.57
10,2026-07-21 18:42:18.108528,18.9,29,1,24.64,76.2,58.72
10,2026-07-22 18:42:18.108528,20.11,33,0,24.98,73.88,64.39
10,2026-07-23 18:42:18.108528,21.42,33,0,25.8,76.86,58.34
10,2026-07-24 18:42:18.108528,22.78,38,0,25.24,70.69,50.87
10,2026-07-25 18:42:18.108528,24.18,38,0,26.19,74.17,58.37
10,2026-07-26 18:42:18.108528,25.61,42,0,26.86,66.42,59.95
10,2026-07-27 18:42:18.108528,27.05,42,1,28.12,63.33,55.27
10,2026-07-28 18:42:18.108528,28.59,43,1,26.84,59.51,60.46
10,2026-07-29 18:42:18.108528,30.16,47,1,27.14,62.56,54.58
10,2026-07-30 18:42:18.108528,31.78,49,1,27.52,65.27,59.07
10,2026-07-31 18:42:18.108528,33.47,51,1,26.67,68.2,60.43
10,2026-08-01 18:42:18.108528,35.16,54,1,27.52,55.84,68.86
10,2026-08-02 18:42:18.108528,36.88,54,1,28.82,67.16,61.77
10,2026-08-03 18:42:18.108528,38.63,56,2,28.99,65.81,66.34
10,2026-08-04 18:42:18.108528,40.38,58,1,31.01,72.39,61.1
10,2026-08-05 18:42:18.108528,42.13,60,2,29.94,70.26,54.36
10,2026-08-06 18:42:18.108528,43.88,61,2,29.49,74.05,54.26
10,2026-08-07 18:42:18.108528,45.68,64,2,29.87,79.59,63.94
10,2026-08-08 18:42:18.108528,47.46,66,1,27.94,75.15,52.04
10,2026-08-09 18:42:18.108528,49.2,68,2,27.7,74.47,52.07
10,2026-08-10 18:42:18.108528,50.97,69,2,27.19,77.58,64.49
10,2026-08-11 18:42:18.108528,52.7,72,3,27.26,74.73,55.93
10,2026-08-12 18:42:18.108528,54.36,74,3,28.68,72.08,54.27
10,2026-08-13 18:42:18.108528,56.04,75,3,26.35,66.45,68.19
10,2026-08-14 18:42:18.108528,57.66,77,3,25.65,68.63,55.64
10,2026-08-15 18:42:18.108528,59.22,77,3,25.83,63.18,63.01
10,2026-08-16 18:42:18.108528,60.78,79,4,26.15,67.41,59.8
10,2026-08-17 18:42:18.108528,62.27,80,4,25.62,67.48,60.63
10,2026-08-18 18:42:18.108528,63.72,80,5,25.75,65.31,60.19
10,2026-08-19 18:42:18.108528,65.13,81,4,24.03,70.48,64.98
10,2026-08-20 18:42:18.108528,66.43,83,5,24.3,61.89,67.33
10,2026-08-21 18:42:18.108528,67.69,84,6,24.9,67.32,55.32
10,2026-08-22 18:42:18.108528,68.93,86,5,25.32,67.37,67.55
10,2026-08-23 18:42:18.108528,70.12,85,7,26.58,65.17,58.89
10,2026-08-24 18:42:18.108528,71.24,88,7,24.8,71.74,59.11
10,2026-08-25 18:42:18.108528,72.29,85,7,26.68,74.25,63.36
10,2026-08-26 18:42:18.108528,73.29,87,7,26.39,76.47,57.26
10,2026-08-27 18:42:18.108528,74.27,88,8,27.47,73.66,55.36
10,2026-08-28 18:42:18.108528,75.2,88,8,26.88,76.69,67.48
10,2026-08-29 18:42:18.108528,76.04,89,8,26.69,72.98,57.08
10,2026-08-30 18:42:18.108528,76.81,90,10,29.1,79.06,49.42
10,2026-08-31 18:42:18.108528,77.58,92,11,28.7,79.19,43.6
10,2026-09-01 18:42:18.108528,78.3,90,10,27.18,73.14,61.54
10,2026-09-02 18:42:18.108528,78.96,92,11,29.44,71.92,59.2
10,2026-09-03 18:42:18.108528,79.62,91,12,28.18,66.52,68.54
10,2026-09-04 18:42:18.108528,80.24,92,12,28.89,68.24,54.14
10,2026-09-05 18:42:18.108528,80.79,89,12,28.88,65.72,53.91
10,2026-09-06 18:42:18.108528,81.31,92,12,27.65,66.46,60.12
10,2026-09-07 18:42:18.108528,81.82,93,13,29.35,60.96,66.59
10,2026-09-08 18:42:18.108528,82.27,91,13,27.74,70.29,66.97
10,2026-09-09 18:42:18.108528,82.67,92,14,29.09,65.91,60.13
10,2026-09-10 18:42:18.108528,83.07,92,14,27.79,69.37,56.77
10,2026-09-11 18:42:18.108528,83.42,95,15,27.39,68.78,60.64
10,2026-09-12 18:42:18.108528,83.78,92,14,26.78,67.88,67.54
10,2026-09-13 18:42:18.108528,84.09,93,15,27.74,76.04,59.59
10,2026-09-14 18:42:18.108528,84.38,91,15,25.0,75.16,57.76
10,2026-09-15 18:42:18.108528,84.68,92,16,24.88,68.75,62.21
10,2026-09-16 18:42:18.108528,84.93,94,16,24.73,74.16,60.99
10,2026-09-17 18:42:18.108528,85.16,92,16,26.0,74.16,60.56
10,2026-09-18 18:42:18.108528,85.36,91,16,25.83,72.62,70.33
10,2026-09-19 18:42:18.108528,85.61,94,16,25.07,81.13,63.34
10,2026-09-20 18:42:18.108528,85.83,94,16,25.3,70.25,60.61
10,2026-09-21 18:42:18.108528,85.97,94,17,23.95,77.27,58.3
10,2026-09-22 18:42:18.108528,86.11,94,17,26.69,66.16,58.7
10,2026-09-23 18:42:18.108528,86.28,94,18,25.64,73.82,62.56
10,2026-09-24 18:42:18.108528,86.41,97,17,26.27,66.63,63.65
10,2026-09-25 18:42:18.108528,86.54,94,17,26.33,60.16,56.92
